"REGIÃO
ADMINISTRATIVA",UNIDADE BÁSICA DE SAÚDE,HORÁRIO DE FUNCIONAMENTO,ENDEREÇO DA UNIDADE,lat,long
ASA NORTE,UNIDADE BÁSICA DE SAÚDE N° 1 DA ASA NORTE,segunda a sexta das 07 às 18h e sábado das 07 às 12h,** SGAN 905 Módulo D - Asa Norte,-15.7733019,-47.8924184
ASA SUL,UNIDADE BÁSICA DE SAÚDE N° 1 DA ASA SUL,segunda a sexta das 07 às 18h,** Av. L2 Sul - Quadra 612,-15.8023269,-47.877398
CANDANGOLÂNDIA,UNIDADE BÁSICA DE SAÚDE N° 1 DA CANDANGOLÂNDIA,segunda a sexta das 07 às 19h,** AE 05/07-Área Especial,-15.8408499,-48.0556992
CEILÂNDIA,UNIDADE BÁSICA DE SAÚDE N° 1 DA CEILÂNDIA,segunda a sexta das 07 às 18h,"EQNP 7/11, área especial",-15.8191835,-48.1307334
SCIA/ESTRUTURAL,UNIDADE BÁSICA DE SAÚDE N° 1 DA ESTRUTURAL,segunda a sexta das 07 às 19h e sábado das 07 às 12h,AE 01-Setor Central Vila Estrutural,-15.7831803,-47.9971245
FERCAL,UNIDADE BÁSICA DE SAÚDE N° 1 DA FERCAL,segunda a sexta das 07 às 17h,"DF 150 KM 12 Rua 9 Lote 02, Fercal Oeste",-15.6017939,-47.8714778
BRAZLÂNDIA,UNIDADE BÁSICA DE SAÚDE N° 1 DE BRAZLÂNDIA,segunda a sexta das 07 às 18h,EQ 6/8 Setor Norte Área Especial 3,-15.6767798,-48.1930025
PLANALTINA,UNIDADE BÁSICA DE SAÚDE N° 1 DE PLANALTINA,A INAUGURAR,Setor Residencial Leste Buritis IV (SEDEST),-15.6230827,-47.6409402
RECANTO DAS EMAS,UNIDADE BÁSICA DE SAÚDE N° 1 DE RECANTO DAS EMAS,segunda a sexta das 07 às 17h,Quadra 307 Área Especial 01 Conjunto D,-15.9194886,-48.1019362
SAMAMBAIA,UNIDADE BÁSICA DE SAÚDE N° 1 DE SAMAMBAIA,segunda a sexta das 07 às 17h,QR 408-ÁREA ESPECIAL No 1,-15.8625882,-48.1139981
SANTA MARIA,UNIDADE BÁSICA DE SAÚDE N° 1 DE SANTA MARIA,segunda a sexta das 07 às 19h e sábado das 07 às 12h,QR 307 Conjunto T AE,-16.0265601,-48.02644
SÃO SEBASTIÃO,UNIDADE BÁSICA DE SAÚDE N° 1 DE SÃO SEBASTIÃO,segunda a sexta das 07 às 19h e sábado das 07 às 12h,CENTRO DE MULTIPLAS ATIV CONJ 10,-15.9022439,-47.7726085
SOBRADINHO I,UNIDADE BÁSICA DE SAÚDE N° 1 DE SOBRADINHO I,segunda a sexta das 07 às 19h e sábado das 07 às 12h,Quadra 14 Área Especial no 22/23,-15.6505935,-47.7821861
SOBRADINHO II,UNIDADE BÁSICA DE SAÚDE N° 1 DE SOBRADINHO II,segunda a sexta das 07 às 19h e sábado das 07 às 12h,"AR 13 Conjunto 07 Lote 01, Área Especial, Sobradinho II",-15.6422949,-47.8226649
TAGUATINGA,UNIDADE BÁSICA DE SAÚDE N° 1 DE TAGUATINGA,segunda a sexta das 07 às 19h e sábado das 07 às 12h,QNG AE 18 /19,-15.7978779,-48.0660811
CRUZEIRO,UNIDADE BÁSICA DE SAÚDE N° 1 DO CRUZEIRO,segunda a sexta das 07 às 19h e sábado das 07 às 12h,SHCES - Quadra 611 lt. 01 - Cruzeiro Novo,-15.8007938,-47.942048
GAMA,UNIDADE BÁSICA DE SAÚDE N° 1 DO GAMA,segunda a sexta das 07 às 18h,Entrequadra 06/12 Setor Sul,-16.0294552,-48.0729113
GUARÁ,UNIDADE BÁSICA DE SAÚDE N° 1 DO GUARÁ,segunda a sexta das 07 às 18h,"** QE 06, lote C, AE S/N-Guará I",-15.8396323,-47.9659153
ITAPOÃ,UNIDADE BÁSICA DE SAÚDE N° 1 DO ITAPOÃ,segunda a sexta das 07 às 19h e sábado das 07 às 12h,QD 378 AE DEL LAGO,-15.7403559,-47.7634971
PARANOÁ,UNIDADE BÁSICA DE SAÚDE N° 1 DO PARANOÁ,segunda a sexta das 07 às 19h e sábado das 07 às 12h,QUADRA 21 AE,-15.6387843,-47.8009268
PARK WAY,UNIDADE BÁSICA DE SAÚDE N° 1 DO PARKWAY,segunda a sexta das 07 às 18h,* Área Especial no 1 - Vargem Bonita,-15.934279,-47.9405442
RIACHO FUNDO I,UNIDADE BÁSICA DE SAÚDE N° 1 DO RIACHO FUNDO I,segunda a sexta das 07 às 19h e sábado das 07 às 12h,QN 07-Áres Especial no 09-RF I,-15.8816778,-48.0156689
RIACHO FUNDO II,UNIDADE BÁSICA DE SAÚDE N° 1 DO RIACHO FUNDO II,segunda a sexta das 07 às 19h e sábado das 07 às 12h,QC 06 Conj. 16-Área Especial-RF II,-15.8992271,-48.0493873
VARJÃO,UNIDADE BÁSICA DE SAÚDE N° 1 DO VARJÃO,segunda a sexta das 07 às 17h,Quadra 05 conj. A lt. 17 -Área Especial - Varjão do Torto – CEP – 71.540-400,-15.7108815,-47.8764461
CEILÂNDIA,UNIDADE BÁSICA DE SAÚDE N° 10 DA CEILÂNDIA,segunda a sexta das 07 às 18h,QNN 12 Área Especial número 01,-15.8102211,-48.0931521
PLANALTINA,UNIDADE BÁSICA DE SAÚDE N° 10 DE PLANALTINA,segunda a sexta das 07 às 17h,Núcleo Rural Taquara,-15.6312612,-47.5195639
RECANTO DAS EMAS,UNIDADE BÁSICA DE SAÚDE N° 10 DE RECANTO DAS EMAS,segunda a sexta das 07 às 17h,Quadra 311 Lote 01 AV. Monjolo,-15.909745,-48.0812536
SAMAMBAIA,UNIDADE BÁSICA DE SAÚDE N° 10 DE SAMAMBAIA,segunda a sexta das 07 às 17h,QN 501 CONJ. 07 CASA 31,-15.8844252,-48.088529
ÁGUAS CLARAS/AREAL,UNIDADE BÁSICA DE SAÚDE N° 10 DE TAGUATINGA,segunda a sexta das 07 às 17h,QS 08 Conjunto 410 A Lote 15,-15.8564732,-48.0803591
GAMA,UNIDADE BÁSICA DE SAÚDE N° 10 DO GAMA,segunda a sexta das 07 às 17h,Quadra 01 cj D casa 8 Setor Sul,-15.4617564,-47.6120983
CEILÂNDIA,UNIDADE BÁSICA DE SAÚDE N° 11 DA CEILÂNDIA,"Em reforma, equipes atendendo na UBS no 7 de Ceilândia",QNO 10 Área Especial,-15.797827,-48.1302724
PLANALTINA,UNIDADE BÁSICA DE SAÚDE N° 11 DE PLANALTINA,segunda a sexta das 07 às 17h,"Núcleo Rural Rajadinha II, Rua 02, Lote 16/17, Chácara Riacho Doce",-15.745708,-47.6621283
SAMAMBAIA,UNIDADE BÁSICA DE SAÚDE N° 11 DE SAMAMBAIA,segunda a sexta das 07 às 17h,QS 1033 CONJ. 01 LOTE 04,-15.8802524,-48.0863031
SÃO SEBASTIÃO,UNIDADE BÁSICA DE SAÚDE N° 11 DE SÃO SEBASTIÃO,segunda a sexta das 07 às 17h,Chácara 10,-15.8158764,-48.024419
VICENTE PIRES,UNIDADE BÁSICA DE SAÚDE N° 11 DE TAGUATINGA,segunda a sexta das 07 às 19h e sábado das 07 às 12h,Rua 4C Chácara 12 - Colonia Agrícola Samambaia,-15.8216766,-48.0509612
GAMA,UNIDADE BÁSICA DE SAÚDE N° 11 DO GAMA,segunda a sexta das 07 às 17h,DF 475 KM 3 atrás da escola pública CEF PAN,-15.9452993,-48.0384438
CEILÂNDIA,UNIDADE BÁSICA DE SAÚDE N° 12 DA CEILÂNDIA,segunda a sexta das 07 às 19h e sábado das 07 às 12h,QNQ 03/04 Área Especial,-15.804687,-48.1434266
PLANALTINA,UNIDADE BÁSICA DE SAÚDE N° 12 DE PLANALTINA,segunda a sexta das 07 às 17h,"DF 128 Condomínio Samaúma Conjunto A Lote 13, Bica do DER",-15.692604,-47.702242
SAMAMBAIA,UNIDADE BÁSICA DE SAÚDE N° 12 DE SAMAMBAIA,segunda a sexta das 07 às 19h e sábado das 07 às 12h,QD 210 CONJ. 22,-15.8391577,-48.040775
SÃO SEBASTIÃO,UNIDADE BÁSICA DE SAÚDE N° 12 DE SÃO SEBASTIÃO,segunda a sexta das 07 às 17h,Quadra 31 Casa 6 São José,-15.9029545,-47.7729511
GAMA,UNIDADE BÁSICA DE SAÚDE N° 12 DO GAMA,segunda a sexta das 07 às 17h,"Ponte Alta, DF – 020, Antigo posto fiscal",-16.0090457,-48.1598642
CEILÂNDIA,UNIDADE BÁSICA DE SAÚDE N° 13 DA CEILÂNDIA,segunda a sexta das 07 às 17h,Núcleo Rural Boa Esperança,-15.8283894,-48.246473
PLANALTINA,UNIDADE BÁSICA DE SAÚDE N° 13 DE PLANALTINA,segunda a sexta das 07 às 17h,Núcleo Rural São José Área Especial,-15.7037494,-47.3750499
SÃO SEBASTIÃO,UNIDADE BÁSICA DE SAÚDE N° 13 DE SÃO SEBASTIÃO,segunda a sexta das 07 às 17h,Rua 52 Casa 41 - Vila Nova,-15.9023314,-47.7594501
GAMA,UNIDADE BÁSICA DE SAÚDE N° 13 DO GAMA,segunda a sexta das 07 às 17h,"Quadra 26 casa 39, setor Leste",-15.4480215,-47.5910063
CEILÂNDIA,UNIDADE BÁSICA DE SAÚDE N° 14 DA CEILÂNDIA,segunda a sexta das 07 às 17h,Condomínio Prive Lucena Roriz Rua 01 Área Especial 03,-15.786011,-48.1377223
PLANALTINA,UNIDADE BÁSICA DE SAÚDE N° 14 DE PLANALTINA,segunda a sexta das 07 às 17h,Núcleo Rural Tabatinga,-15.8206703,-47.5699088
CEILÂNDIA,UNIDADE BÁSICA DE SAÚDE N° 15 DA CEILÂNDIA,segunda a sexta das 07 às 17h,QNP21 AREA ESPECIAL S/N,-15.8105104,-48.1399226
PLANALTINA,UNIDADE BÁSICA DE SAÚDE N° 15 DE PLANALTINA,segunda a sexta das 07 às 17h,Núcleo Rural Rio Preto,-15.7636047,-47.4925695
CEILÂNDIA,UNIDADE BÁSICA DE SAÚDE N° 16 DA CEILÂNDIA,A INAUGURAR,Quadra 500 AE S/N Trecho 1 Sol Nascente,-15.8260162,-48.1215654
PLANALTINA,UNIDADE BÁSICA DE SAÚDE N° 16 DE PLANALTINA,segunda a sexta das 07 às 17h,Núcleo Rural Pipiripau,-15.6024778,-47.6655938
CEILÂNDIA,UNIDADE BÁSICA DE SAÚDE N° 17 DA CEILÂNDIA,A INAUGURAR,EQNP 16/20,-15.8455894,-48.1122244
PLANALTINA,UNIDADE BÁSICA DE SAÚDE N° 17 DE PLANALTINA,segunda a sexta das 07 às 17h,"Condomínio Morumbi Quadra N, Lote 15, Vale do Sol, BR 020, KM 04",-15.5236172,-47.61878013
CEILÂNDIA,UNIDADE BÁSICA DE SAÚDE N° 18 DA CEILÂNDIA,A INAUGURAR,QNN 28 H/I/J/K,-15.8322141,-48.1144779
PLANALTINA,UNIDADE BÁSICA DE SAÚDE N° 18 DE PLANALTINA,segunda a sexta das 07 às 17h,Centro Olímpico de Planaltina,-15.6207016,-47.6565802
PLANALTINA,UNIDADE BÁSICA DE SAÚDE N° 19 DE PLANALTINA,segunda a sexta das 07 às 17h,Parque Sucupira de Planaltina,-15.6044873,-47.6601253
ASA NORTE,UNIDADE BÁSICA DE SAÚDE N° 2 DA ASA NORTE,segunda a sexta das 07 às 19h e sábado das 07 às 12h,EQN 114/115 AE - Asa Norte,-15.7515436,-47.8854569
CEILÂNDIA,UNIDADE BÁSICA DE SAÚDE N° 2 DA CEILÂNDIA,segunda a sexta das 07 às 19h e sábado das 07 às 12h,QNN 13 – Ceilândia,-15.8077859,-48.1379933
SCIA/ESTRUTURAL,UNIDADE BÁSICA DE SAÚDE N° 2 DA ESTRUTURAL,segunda a sexta das 07 às 17h,Q 05 Conj. 02 lotes 11/12 S. Oeste,-15.7831803,-47.9971245
FERCAL,UNIDADE BÁSICA DE SAÚDE N° 2 DA FERCAL,segunda a sexta das 07 às 17h,Rodovia DF 205 Oeste Km 13 Núcleo Rural Catingueiro,-15.528791,-47.6880689
BRAZLÂNDIA,UNIDADE BÁSICA DE SAÚDE N° 2 DE BRAZLÂNDIA,segunda a sexta das 07 às 18h,Quadra 45 AE 01 - Vila São José,-15.6654787,-48.1911071
PLANALTINA,UNIDADE BÁSICA DE SAÚDE N° 2 DE PLANALTINA,segunda a sexta das 07 às 18h,"** EQ 1/10 Área Especial A, Vila Buritis",-15.6539349,-47.7790946
RECANTO DAS EMAS,UNIDADE BÁSICA DE SAÚDE N° 2 DE RECANTO DAS EMAS,segunda a sexta das 07 às 19h e sábado das 07 às 12h,Quadra 102 Área Especial 01,-15.9019458,-48.0602129
SAMAMBAIA,UNIDADE BÁSICA DE SAÚDE N° 2 DE SAMAMBAIA,segunda a sexta das 07 às 19h e sábado das 07 às 12h,QS 611 AE 02,-15.8755838,-48.1093115
SANTA MARIA,UNIDADE BÁSICA DE SAÚDE N° 2 DE SANTA MARIA,segunda a sexta das 07 às 19h e sábado das 07 às 12h,EQ 217/317/218/318 ÁREA ESPECIAL LOTE E SANTA MARIA NORTE BRASÍLIA DF,-16.0157466,-48.0051406
SÃO SEBASTIÃO,UNIDADE BÁSICA DE SAÚDE N° 2 DE SÃO SEBASTIÃO,segunda a sexta das 07 às 17h,"DF 140 KM 7,5",-15.8897986,-47.7777403
SOBRADINHO I,UNIDADE BÁSICA DE SAÚDE N° 2 DE SOBRADINHO I,segunda a sexta das 07 às 19h e sábado das 07 às 12h,Quadra 03 Área Especial entre os Conjunto D/E,-15.6548202,-47.8094744
SOBRADINHO II,UNIDADE BÁSICA DE SAÚDE N° 2 DE SOBRADINHO II,segunda a sexta das 07 às 19h e sábado das 07 às 12h,"DF 420, Área Especial, ao lado da UPA Sobradinho",-15.6580179,-47.7925346
TAGUATINGA,UNIDADE BÁSICA DE SAÚDE N° 2 DE TAGUATINGA,segunda a sexta das 07 às 19h e sábado das 07 às 12h,"QND Lote ""A"" Praça do Bicalho",-15.8104981,-48.0631765
CRUZEIRO,UNIDADE BÁSICA DE SAÚDE N° 2 DO CRUZEIRO,segunda a sexta das 07 às 19h e sábado das 07 às 12h,Setor Escolar Lote 04 - Cruzeiro Velho,-15.7839184,-47.9364837
GAMA,UNIDADE BÁSICA DE SAÚDE N° 2 DO GAMA,segunda a sexta das 07 às 18h,Quadra 11 AE Lotes A B C e D,-16.0364324,-48.0608078
GUARÁ,UNIDADE BÁSICA DE SAÚDE N° 2 DO GUARÁ,segunda a sexta das 07 às 19h e sábado das 07 às 12h,"QE 23, lote C-AE S/N Guará II",-15.8253698,-47.9755569
ITAPOÃ,UNIDADE BÁSICA DE SAÚDE N° 2 DO ITAPOÃ,segunda a sexta das 07 às 18h,* 61 AE DEL LAGO,-15.745959,-47.769066
NÚCLEO BANDEIRANTE,UNIDADE BÁSICA DE SAÚDE N° 2 DO NÚCLEO BANDEIRANTE,segunda a sexta das 07 às 17h,R1 Rua dos Engenheiros no 2,-15.8702157,-47.965659
PARANOÁ,UNIDADE BÁSICA DE SAÚDE N° 2 DO PARANOÁ,segunda a sexta das 07 às 18h,* QD 18 AE,-15.6476781,-47.7668955
RIACHO FUNDO I,UNIDADE BÁSICA DE SAÚDE N° 2 DO RIACHO FUNDO I,segunda a sexta das 07 às 18h,* QN 01 Área Especial-RF I,-15.8798868,-48.0213958
RIACHO FUNDO II,UNIDADE BÁSICA DE SAÚDE N° 2 DO RIACHO FUNDO II,segunda a sexta das 07 às 17h,"QC 01 Conj. 10, lote 01-RF II",-15.9091316,-48.0489815
ASA NORTE,UNIDADE BÁSICA DE SAÚDE N° 3 DA ASA NORTE,segunda a sexta das 07 às 18h,"** Rua Piauí, Área Especial s/no - Vila Planalto",-15.7990489,-47.8607689
CEILÂNDIA,UNIDADE BÁSICA DE SAÚDE N° 3 DA CEILÂNDIA,segunda a sexta das 07 às 19h e sábado das 07 às 12h,QNM 15 LOTE D,-15.8133913,-48.0992025
SCIA/ESTRUTURAL,UNIDADE BÁSICA DE SAÚDE N° 3 DA ESTRUTURAL,segunda a sexta das 07 às 17h,AE 2 Setor Norte - Vila Olímpica,-15.8015493,-48.1258159
BRAZLÂNDIA,UNIDADE BÁSICA DE SAÚDE N° 3 DE BRAZLÂNDIA,segunda a sexta das 07 às 17h,Quadra 3 Lote 6 Área Especial No 02 Setor Veredas,-15.6735102,-48.2020374
PLANALTINA,UNIDADE BÁSICA DE SAÚDE N° 3 DE PLANALTINA,segunda a sexta das 07 às 17h,"Setor Hospitalar - Planaltina, Brasília/DF(CEP Saúde e Centro Olimpico)",-15.6247971,-47.654656
RECANTO DAS EMAS,UNIDADE BÁSICA DE SAÚDE N° 3 DE RECANTO DAS EMAS,segunda a sexta das 07 às 19h e sábado das 07 às 12h,Quadra 104/105 Área Especial,-15.6160961,-47.6551149
SAMAMBAIA,UNIDADE BÁSICA DE SAÚDE N° 3 DE SAMAMBAIA,segunda a sexta das 07 às 18h,QN 429 CONJ F LOTE 1 EXPANSÃO,-15.8904314,-48.1423988
SANTA MARIA,UNIDADE BÁSICA DE SAÚDE N° 3 DE SANTA MARIA,segunda a sexta das 07 às 17h,QD 100 Conjunto I área especial,-16.046627,-48.0374828
SÃO SEBASTIÃO,UNIDADE BÁSICA DE SAÚDE N° 3 DE SÃO SEBASTIÃO,segunda a sexta das 07 às 17h,Centro Olímpico de São Sebastião (Morro Azul),-15.8916064,-47.7819469
SOBRADINHO I,UNIDADE BÁSICA DE SAÚDE N° 3 DE SOBRADINHO I,segunda a sexta das 07 às 19h e sábado das 07 às 12h,Área Especial - Novo Setor de Mansões Nova Colina,-15.6524475,-47.7586853
SOBRADINHO II,UNIDADE BÁSICA DE SAÚDE N° 3 DE SOBRADINHO II,segunda a sexta das 07 às 17h,"Condomínio Vale dos Pinheiros, Quadra 45 A, Conjunto A, Lote 56",-15.6451631,-47.8228136
TAGUATINGA,UNIDADE BÁSICA DE SAÚDE N° 3 DE TAGUATINGA,segunda a sexta das 07 às 18h,** QNL 01 AE 02,-15.8326879,-48.0823557
GAMA,UNIDADE BÁSICA DE SAÚDE N° 3 DO GAMA,segunda a sexta das 07 às 18h,EQ 3/5 AREA ESPECIAL SETOR LESTE,-16.006585,-48.051579
GUARÁ,UNIDADE BÁSICA DE SAÚDE N° 3 DO GUARÁ,segunda a sexta das 07 às 18h,** QE 38 Área Especial-Guará II,-15.847269,-47.9689183
PARANOÁ,UNIDADE BÁSICA DE SAÚDE N° 3 DO PARANOÁ,segunda a sexta das 07 às 18h,* BR 251 KM 07 PAD DF,-16.001165,-47.562398
RIACHO FUNDO II,UNIDADE BÁSICA DE SAÚDE N° 3 DO RIACHO FUNDO II,segunda a sexta das 07 às 17h,QN 07 A/B lotes 1/2 AE-RF II,-15.8992271,-48.0493873
ASA NORTE,UNIDADE BÁSICA DE SAÚDE N° 4 DA ASA NORTE,segunda a sexta das 07 às 17h,Área Especial Q. 01 - Granja do Torto,-16.0132096,-48.0610194
CEILÂNDIA,UNIDADE BÁSICA DE SAÚDE N° 4 DA CEILÂNDIA,segunda a sexta das 07 às 18h,QNN 16 Área Especial F,-15.8356324,-48.1051628
BRAZLÂNDIA,UNIDADE BÁSICA DE SAÚDE N° 4 DE BRAZLÂNDIA,segunda a sexta das 07 às 17h,Quadra 01 Área Especial 1 Setor Veredas,-15.6789398,-48.1899962
PLANALTINA,UNIDADE BÁSICA DE SAÚDE N° 4 DE PLANALTINA,segunda a sexta das 07 às 19h e sábado das 07 às 12h,Estância Nova Planaltina Quadra 02 Rua A Área Especial,-15.6216249,-47.6521514
RECANTO DAS EMAS,UNIDADE BÁSICA DE SAÚDE N° 4 DE RECANTO DAS EMAS,segunda a sexta das 07 às 19h e sábado das 07 às 12h,Quadra 308 Área Especial,-15.923554,-48.101454
SAMAMBAIA,UNIDADE BÁSICA DE SAÚDE N° 4 DE SAMAMBAIA,segunda a sexta das 07 às 19h e sábado das 07 às 12h,QN 512 CONJ. 2 LT 1/2/3,-15.8803171,-48.0736748
SANTA MARIA,UNIDADE BÁSICA DE SAÚDE N° 4 DE SANTA MARIA,segunda a sexta das 07 às 17h,QR 217 conj D casa 16,-16.0059623,-47.992789
SÃO SEBASTIÃO,UNIDADE BÁSICA DE SAÚDE N° 4 DE SÃO SEBASTIÃO,segunda a sexta das 07 às 17h,Rua da Escola 540 - Vila Nova,-15.9051076,-47.7581754
SOBRADINHO I,UNIDADE BÁSICA DE SAÚDE N° 4 DE SOBRADINHO I,segunda a sexta das 07 às 17h,"DF 440 Condomínio Residencial Serra Verde, Km 12, anexa à Paroquia N. Sa de Fátima",-15.7040143,-47.7567852
SOBRADINHO II,UNIDADE BÁSICA DE SAÚDE N° 4 DE SOBRADINHO II,segunda a sexta das 07 às 17h,"Condomínio Mini-Chácaras, QMS 30 Área Especial 01, Setor de Mansões",-15.6344638,-47.835616
GAMA,UNIDADE BÁSICA DE SAÚDE N° 4 DO GAMA,segunda a sexta das 07 às 18h,Praça 3 área especial 2 setor Leste,-16.0234586,-48.0541712
GUARÁ,UNIDADE BÁSICA DE SAÚDE N° 4 DO GUARÁ,segunda a sexta das 07 às 17h,QELC-EQ 2/3-Conj. Lúcio Costa,-15.8075851,-47.9879423
PARANOÁ,UNIDADE BÁSICA DE SAÚDE N° 4 DO PARANOÁ,segunda a sexta das 07 às 18h,* DF 285 KM 23 AE NR JARDIM II,-16.018273,-47.4325526
RIACHO FUNDO II,UNIDADE BÁSICA DE SAÚDE N° 4 DO RIACHO FUNDO II,segunda a sexta das 07 às 17h,Área Especial 01-CAUB I,-15.9231679,-48.0523183
CEILÂNDIA,UNIDADE BÁSICA DE SAÚDE N° 5 DA CEILÂNDIA,segunda a sexta das 07 às 18h,** QNM 16 Módulo F Área Especial S/N,-15.7539313,-47.8787221
BRAZLÂNDIA,UNIDADE BÁSICA DE SAÚDE N° 5 DE BRAZLÂNDIA,segunda a sexta das 07 às 17h,Fazenda Almécegas BR 180 DF 205 KM 05 - Almécegas,-15.7997654,-47.8644715
PLANALTINA,UNIDADE BÁSICA DE SAÚDE N° 5 DE PLANALTINA,segunda a sexta das 07 às 19h e sábado das 07 às 12h,Quadra 12 D Conjunto A Área Especial Arapoanga,-15.6374021,-47.6296598
RECANTO DAS EMAS,UNIDADE BÁSICA DE SAÚDE N° 5 DE RECANTO DAS EMAS,segunda a sexta das 07 às 17h,Quadra 803 Área Especial Escola 803,-15.9233964,-48.0542074
SAMAMBAIA,UNIDADE BÁSICA DE SAÚDE N° 5 DE SAMAMBAIA,segunda a sexta das 07 às 18h,** QN 523 AE 01,-15.8986297,-48.1212787
SANTA MARIA,UNIDADE BÁSICA DE SAÚDE N° 5 DE SANTA MARIA,segunda a sexta das 07 às 17h,QR 212/213 de Santa Maria,-16.0100717,-48.0048806
SÃO SEBASTIÃO,UNIDADE BÁSICA DE SAÚDE N° 5 DE SÃO SEBASTIÃO,segunda a sexta das 07 às 17h,Quadra 301 Conjunto 6 LOTE 1,-15.8283598,-48.0131671
SOBRADINHO I,UNIDADE BÁSICA DE SAÚDE N° 5 DE SOBRADINHO I,segunda a sexta das 07 às 17h,"Área Especial 1, Lote 01, Assiciação de Moradores, Vila Basevi",-15.6459662,-47.8890087
SOBRADINHO II,UNIDADE BÁSICA DE SAÚDE N° 5 DE SOBRADINHO II,segunda a sexta das 07 às 17h,"Condomínio Mini-Chácaras, QMS 16 Rua 14 Casa 01, Setor de Mansões",-15.6282408,-47.8389734
TAGUATINGA,UNIDADE BÁSICA DE SAÚDE N° 5 DE TAGUATINGA,segunda a sexta das 07 às 18h,** SETOR D SUL AE 23,-15.850148,-48.0475968
GAMA,UNIDADE BÁSICA DE SAÚDE N° 5 DO GAMA,segunda a sexta das 07 às 18h,Área Especial lote 38 setor central lado leste,-16.0188577,-48.0679507
GUARÁ,UNIDADE BÁSICA DE SAÚDE N° 5 DO GUARÁ,segunda a sexta das 07 às 18h,* QE 38 Área Especial-Guará II,-15.847269,-47.9689183
PARANOÁ,UNIDADE BÁSICA DE SAÚDE N° 5 DO PARANOÁ,segunda a sexta das 07 às 18h,* DF 125 BR 251 Capão Seco,-15.9782306,-47.581992
RIACHO FUNDO II,UNIDADE BÁSICA DE SAÚDE N° 5 DO RIACHO FUNDO II,segunda a sexta das 07 às 17h,"CAUB II, lote 13-RF II",-15.9409765,-48.0344835
CEILÂNDIA,UNIDADE BÁSICA DE SAÚDE N° 6 DA CEILÂNDIA,segunda a sexta das 07 às 19h e sábado das 07 às 12h,"EQNP 10/14 Módulos E,F,G",-15.8401078,-48.1142798
BRAZLÂNDIA,UNIDADE BÁSICA DE SAÚDE N° 6 DE BRAZLÂNDIA,segunda a sexta das 07 às 17h,RESERVA A DF 240 DF 008 DF 445 KM 4 VINCENAL,-15.6759571,-48.1391175
PLANALTINA,UNIDADE BÁSICA DE SAÚDE N° 6 DE PLANALTINA,segunda a sexta das 07 às 17h,Quadra 08 Conjunto 1 Arapoanga,-15.6395177,-47.6409308
RECANTO DAS EMAS,UNIDADE BÁSICA DE SAÚDE N° 6 DE RECANTO DAS EMAS,segunda a sexta das 07 às 17h,Av. Ponte Alta Quadra 604 - Centro Olímpico,-15.9146648,-48.0596341
SAMAMBAIA,UNIDADE BÁSICA DE SAÚDE N° 6 DE SAMAMBAIA,segunda a sexta das 07 às 17h,QS 122 CONJ. 06 LOTE 01,-15.8702391,-48.0572737
SANTA MARIA,UNIDADE BÁSICA DE SAÚDE N° 6 DE SANTA MARIA,segunda a sexta das 07 às 17h,QR 202/203 Área Especial - Santa Maria Sul,-16.0400237,-48.032134
SOBRADINHO I,UNIDADE BÁSICA DE SAÚDE N° 6 DE SOBRADINHO I,segunda a sexta das 07 às 17h,DF 001 KM 120 Rua 08 Chácara 187 NR Lago Oeste,-15.623739,-47.937254
SOBRADINHO II,UNIDADE BÁSICA DE SAÚDE N° 6 DE SOBRADINHO II,segunda a sexta das 07 às 17h,"Condomínio Vale das Acácias, Quadra 12, Lote 01, Setor de Mansões",-15.6209759,-47.8345406
TAGUATINGA,UNIDADE BÁSICA DE SAÚDE N° 6 DE TAGUATINGA,segunda a sexta das 07 às 19h e sábado das 07 às 12h,SETOR C SUL AE 01,-15.8364805,-48.0634755
GAMA,UNIDADE BÁSICA DE SAÚDE N° 6 DO GAMA,segunda a sexta das 07 às 19h e sábado das 07 às 12h,Entrequadra 12/16 área especial Setor Oeste,-16.0088612,-48.0753917
PARANOÁ,UNIDADE BÁSICA DE SAÚDE N° 6 DO PARANOÁ,segunda a sexta das 07 às 18h,* Colônia Agrícola Cariru - Área Especial,-15.4550566,-47.615142
CEILÂNDIA,UNIDADE BÁSICA DE SAÚDE N° 7 DA CEILÂNDIA,segunda a sexta das 07 às 19h e sábado das 07 às 12h,QNO 10 Área Especial D/E,-15.7971886,-48.1309477
BRAZLÂNDIA,UNIDADE BÁSICA DE SAÚDE N° 7 DE BRAZLÂNDIA,segunda a sexta das 07 às 17h,Quadra 15 Lote 02 LJ 01 Área Especial INCRA 08,-15.7403617,-48.1704086
PLANALTINA,UNIDADE BÁSICA DE SAÚDE N° 7 DE PLANALTINA,segunda a sexta das 07 às 17h,Entrequadras 03/04 Área Especial 2 Jardim Roriz,-15.4550566,-47.615142
RECANTO DAS EMAS,UNIDADE BÁSICA DE SAÚDE N° 7 DE RECANTO DAS EMAS,segunda a sexta das 07 às 17h,Núcle Rural Casa Grande - Monjolo,-15.9664318,-48.1019677
SAMAMBAIA,UNIDADE BÁSICA DE SAÚDE N° 7 DE SAMAMBAIA,segunda a sexta das 07 às 19h e sábado das 07 às 12h,QD 302 CONJ. 05 LOTE 01,-15.890445,-48.1423809
SANTA MARIA,UNIDADE BÁSICA DE SAÚDE N° 7 DE SANTA MARIA,segunda a sexta das 07 às 17h,Av Brigadeiro Faria Lima s/n Área Especial,-15.9924884,-47.9894455
SÃO SEBASTIÃO,UNIDADE BÁSICA DE SAÚDE N° 7 DE SÃO SEBASTIÃO,segunda a sexta das 07 às 17h,Rua 26 Conjunto B Casa 17,-15.9116722,-47.7511064
TAGUATINGA,UNIDADE BÁSICA DE SAÚDE N° 7 DE TAGUATINGA,segunda a sexta das 07 às 18h,** QNM 36 AE 10,-15.8039809,-48.096539
GAMA,UNIDADE BÁSICA DE SAÚDE N° 7 DO GAMA,segunda a sexta das 07 às 17h,"Área Especial número 1, Estádio Bezerrao, Setor Central",-16.0113658,-48.061752
PARANOÁ,UNIDADE BÁSICA DE SAÚDE N° 7 DO PARANOÁ,segunda a sexta das 07 às 18h,* DF 270 KM 02 Café sem Troco,-15.9374655,-47.5969319
CEILÂNDIA,UNIDADE BÁSICA DE SAÚDE N° 8 DA CEILÂNDIA,segunda a sexta das 07 às 18h,EQNP 13/17 Área Especial A-B-C-D,-15.8066412,-48.1290161
BRAZLÂNDIA,UNIDADE BÁSICA DE SAÚDE N° 8 DE BRAZLÂNDIA,A INAUGURAR,RESERVA A DF 240 DF 008 DF 445 KM 4 VINCENAL,-15.6759571,-48.1391175
PLANALTINA,UNIDADE BÁSICA DE SAÚDE N° 8 DE PLANALTINA,segunda a sexta das 07 às 17h,CR 71 Casa 177 Vale do Amanhecer,-15.6706351,-47.6451794
RECANTO DAS EMAS,UNIDADE BÁSICA DE SAÚDE N° 8 DE RECANTO DAS EMAS,segunda a sexta das 07 às 17h,DF 280 KM 03 Quadra 04 Setor Habitacional Água Quente,-15.9428959,-48.237121
SAMAMBAIA,UNIDADE BÁSICA DE SAÚDE N° 8 DE SAMAMBAIA,segunda a sexta das 07 às 19h e sábado das 07 às 12h,QS 314 CONJ 05 LOTE 01,-15.8756543,-48.0680355
SANTA MARIA,UNIDADE BÁSICA DE SAÚDE N° 8 DE SANTA MARIA,segunda a sexta das 07 às 17h,EQ 417/517 MDE,-16.0152637,-47.9910768
TAGUATINGA,UNIDADE BÁSICA DE SAÚDE N° 8 DE TAGUATINGA,segunda a sexta das 07 às 18h,** QNL 24 AE - NOVA QNL,-15.8227667,-48.0915097
GAMA,UNIDADE BÁSICA DE SAÚDE N° 8 DO GAMA,segunda a sexta das 07 às 17h,Travessa Eucaliptos no 4 Área Especial DVO,-16.0155971,-48.0701994
CEILÂNDIA,UNIDADE BÁSICA DE SAÚDE N° 9 DA CEILÂNDIA,segunda a sexta das 07 às 19h e sábado das 07 às 12h,EQNP 28/32 - P SUL,-15.8464749,-48.1238014
PLANALTINA,UNIDADE BÁSICA DE SAÚDE N° 9 DE PLANALTINA,segunda a sexta das 07 às 17h,Posto Saúde Rural de Santos Dumont,-15.6793248653407,-47.6483917236314
RECANTO DAS EMAS,UNIDADE BÁSICA DE SAÚDE N° 9 DE RECANTO DAS EMAS,segunda a sexta das 07 às 17h,Quadra 101 Lote 19 ANEXO DA UBS 02,-15.9019865,-48.0595859
SAMAMBAIA,UNIDADE BÁSICA DE SAÚDE N° 9 DE SAMAMBAIA,segunda a sexta das 07 às 17h,QN 317 AE 01,-15.892464,-48.113447
SANTA MARIA,UNIDADE BÁSICA DE SAÚDE N° 9 DE SANTA MARIA,segunda a sexta das 07 às 17h,QR 402 Conjunto A Casa 21,-16.0175728,-47.9865503
SÃO SEBASTIÃO,UNIDADE BÁSICA DE SAÚDE N° 9 DE SÃO SEBASTIÃO,segunda a sexta das 07 às 17h,Rua 06 Casa 70 Setor Tradicional,-15.9058398,-47.7536042
ÁGUAS CLARAS/AREAL,UNIDADE BÁSICA DE SAÚDE N° 9 DE TAGUATINGA,segunda a sexta das 07 às 19h e sábado das 07 às 12h,QS 05 LT 24 Av. Areal,-15.8535375,-48.0341592
GAMA,UNIDADE BÁSICA DE SAÚDE N° 9 DO GAMA,segunda a sexta das 07 às 17h,"Engenho das Lages, Rua Libânio Casa N° 13",-16.0417935,-48.2580686
LAGO NORTE,UNIDADE BÁSICA DE SAÚDE N°1 DO LAGO NORTE,segunda a sexta das 07 às 17h,"SHIN QI 03 Área Especial, Lago Norte",-15.7335091,-47.8732479
NÚCLEO BANDEIRANTE,UNIDADE BÁSICA DE SAÚDE No 1 DO NÚCLEO BANDEIRANTE,segunda a sexta das 07 às 19h e sábado das 07 às 12h,3a Avenida-Área Especial no 3,-15.4549667,-47.6151915
